<?xml version="1.0" encoding="UTF-8"?>
<hibernate-configuration>
    <session-factory>
        <property name="hibernate.connection.driver_class">com.mysql.jdbc.Driver</property>
        <property name="hibernate.connection.url">jdbc:mysql://localhost:3306/mastekdb</property>
        <property name="hibernate.connection.username">root</property>
        <property name="hibernate.connection.password">root</property>
        <!-- <property name="hibernate.connection.pool_size">1</property> -->
        <property name="hibernate.current_session_context_class">thread</property>
        <property name="hibernate.show_sql">true</property>
        <property name="hibernate.dialect">org.hibernate.dialect.MySQL5InnoDBDialect</property>
        <property name="hibernate.hbm2ddl.auto">update</property>
        <mapping class="com.mastek.demo05.model.Product"/>
      <!--   <mapping class="com.mastek.demo05.model.Customer"/> -->
        <mapping class="com.mastek.demo05.model.Orders"/>
         <mapping class="com.mastek.demo05.model.OrderItems"/>
       
      
    </session-factory>
</hibernate-configuration>