<?xml version="1.0" encoding="UTF-8"?>
<!DOCTYPE beans PUBLIC "-//SPRING//DTD BEAN 5.0//EN"
"http://www.springframework.org/dtd/spring-beans-5.0.dtd">
<beans>

<!-- using Setter Injection  -->
<!-- Product p1=new Product(); -->
<!-- p1.setProductId(1001); -->
<!-- p1.setProductName("Italian"); -->
<!-- p1.setPrice(250.00); -->
<bean name="p1" class="com.mastek.spring.model.Product">
		<property name="productId" value="1001"></property>
		<property name="productName" value="Italian"></property>
		<property name="price" value="250.00"></property>


</bean>
<!-- Using Constructor Injection -->
<!-- Product p2=new Product(1002,"Mexican",250) -->
<bean name="p2" class="com.mastek.spring.model.Product">
			<constructor-arg  value="1002"></constructor-arg>
			<constructor-arg  value="mexican"></constructor-arg>
			<constructor-arg  value="250"></constructor-arg>
			
</bean>

<bean name="p3" class="com.mastek.spring.model.Product">
			<constructor-arg  value="250.00" type="double"></constructor-arg>
			<constructor-arg  value="250" type="int"></constructor-arg>
			<constructor-arg  value="margarita" type="java.lang.String"></constructor-arg>
			
</bean>

<bean name="item1" class="com.mastek.spring.model.OrderItem">
		<property name="itemId" value="1"></property>
		<property name="product" ref="p1"></property>
		<property name="quantity" value="1"></property>

</bean>

<bean name="item2" class="com.mastek.spring.model.OrderItem">
		<property name="itemId" value="2"></property>
		<property name="product" ref="p2"></property>
		<property name="quantity" value="2"></property>

</bean>
<bean name="item3" class="com.mastek.spring.model.OrderItem">
		<property name="itemId" value="3"></property>
		<property name="product" ref="p3"></property>
		<property name="quantity" value="3"></property>

</bean>
<!--  
List<OrderItem> orderItems =new ArrayList<>();
orderItems
-->
<bean name="order1" class="com.mastek.spring.model.Order" init-method="init" destroy-method="destroy">
		<property name="orderId" value="1"></property>
		<property name="orderItems">
		<list>
			<ref bean="item1"></ref>
			<ref bean="item2"></ref>
			<ref bean="item3"></ref>
			
		</list>
		
		</property>


</bean>






</beans>